{
  "Delta_t_ghost_planck": 0.2288004576008973,
  "Delta_eta_ghost_planck": 0.6931548790133322,
  "ghost_window_t": [
    -196.4743929487859,
    -196.245592491185
  ],
  "ghost_window_x": [
    0.5033325147515363,
    0.5033277287127594
  ],
  "k_threshold": 1.4426790177448436,
  "k_CMB_ratio": "~1e-61 (completely adiabatic)",
  "G_total_positive": false,
  "G_total_min": -5280505738.411931,
  "verdict": "BENIGN"
}