{
  "method": "Planck 2018 Commander TT (Gibbs-based, Gaussianized likelihood)",
  "ell_range": [
    2,
    29
  ],
  "cosmo_params": {
    "H0": 67.32,
    "ombh2": 0.02237,
    "omch2": 0.12,
    "tau": 0.0544,
    "As": 2.1e-09,
    "ns": 0.9649
  },
  "results": [
    {
      "kappa": 0.000316,
      "logL_lcdm": -11.72594343724009,
      "logL_mscf": -14.98841605283522,
      "delta_logL": -3.2624726155951294,
      "equiv_delta_chi2": 6.524945231190259,
      "mean_suppression_pct": 10.361402173598822,
      "D2_lcdm": 1021.6547613536692,
      "D2_mscf": 720.1399692475411,
      "D2_ratio": 0.7048760466729213,
      "D29_ratio": 0.9999990606264599,
      "Dl_lcdm_lowl": [
        1021.6547613536692,
        967.4174651677934,
        915.8463676582974,
        877.1739369941096,
        850.9419238311435,
        834.5904592935765,
        824.0908106639407,
        819.7626603662345,
        818.9324665938174,
        820.8384628698759,
        825.6390406649053,
        832.3529277771921,
        839.9032844464022,
        848.308966398144,
        858.1864053729729,
        869.2421247911025,
        880.6725824493492,
        893.5731954288145,
        906.5577303954967,
        920.1048440395776,
        933.996824790496,
        947.9340334774378,
        962.3687957189283,
        977.4187529082549,
        992.5367040895362,
        1008.0598072736994,
        1023.7819078391918,
        1039.7448527777933
      ],
      "Dl_mscf_lowl": [
        720.1399692475411,
        667.103671908159,
        619.6560651484104,
        595.9012609039229,
        591.452446976839,
        600.7510293651558,
        612.4587933681527,
        621.2408580498567,
        647.7296484022753,
        680.2164944615957,
        705.9293316724882,
        743.3937786852532,
        785.1164233419363,
        812.2725586800316,
        841.9019627704961,
        877.4065312600309,
        913.7769720149171,
        940.3246480239571,
        946.870905786935,
        944.6468187760099,
        946.2648344495542,
        953.0216016296241,
        964.0801146226634,
        977.9600743694565,
        992.6780387859183,
        1008.0903286273557,
        1023.7851224141824,
        1039.7438760689902
      ]
    },
    {
      "kappa": 0.000562,
      "logL_lcdm": -11.72594343724009,
      "logL_mscf": -16.916805979148137,
      "delta_logL": -5.1908625419080465,
      "equiv_delta_chi2": 10.381725083816093,
      "mean_suppression_pct": 20.42507812171198,
      "D2_lcdm": 1021.6547613536692,
      "D2_mscf": 722.4149662751265,
      "D2_ratio": 0.7071028233822776,
      "D29_ratio": 1.0038030530112851,
      "Dl_lcdm_lowl": [
        1021.6547613536692,
        967.4174651677934,
        915.8463676582974,
        877.1739369941096,
        850.9419238311435,
        834.5904592935765,
        824.0908106639407,
        819.7626603662345,
        818.9324665938174,
        820.8384628698759,
        825.6390406649053,
        832.3529277771921,
        839.9032844464022,
        848.308966398144,
        858.1864053729729,
        869.2421247911025,
        880.6725824493492,
        893.5731954288145,
        906.5577303954967,
        920.1048440395776,
        933.996824790496,
        947.9340334774378,
        962.3687957189283,
        977.4187529082549,
        992.5367040895362,
        1008.0598072736994,
        1023.7819078391918,
        1039.7448527777933
      ],
      "Dl_mscf_lowl": [
        722.4149662751265,
        662.9440873868265,
        614.8458944106085,
        581.0975777849352,
        557.4246636496707,
        546.4745580106104,
        544.2249896021381,
        549.504823185365,
        556.5605144734806,
        564.2291605131251,
        581.2614276109355,
        599.6607726130011,
        621.7658507339829,
        646.1247769785244,
        668.2796512928688,
        690.783880344206,
        716.8404991558266,
        747.3548138934848,
        779.5098461684913,
        811.5876551454508,
        841.8009869056705,
        871.5547286130706,
        902.7761447736934,
        932.8653926164161,
        959.1282763868812,
        986.2293355192529,
        1017.1016154106109,
        1043.6990575711181
      ]
    },
    {
      "kappa": 0.001,
      "logL_lcdm": -11.72594343724009,
      "logL_mscf": -22.40213794746404,
      "delta_logL": -10.67619451022395,
      "equiv_delta_chi2": 21.3523890204479,
      "mean_suppression_pct": 29.077871641588672,
      "D2_lcdm": 1021.6547613536692,
      "D2_mscf": 775.1574234730872,
      "D2_ratio": 0.7587273634843353,
      "D29_ratio": 0.8230760636204909,
      "Dl_lcdm_lowl": [
        1021.6547613536692,
        967.4174651677934,
        915.8463676582974,
        877.1739369941096,
        850.9419238311435,
        834.5904592935765,
        824.0908106639407,
        819.7626603662345,
        818.9324665938174,
        820.8384628698759,
        825.6390406649053,
        832.3529277771921,
        839.9032844464022,
        848.308966398144,
        858.1864053729729,
        869.2421247911025,
        880.6725824493492,
        893.5731954288145,
        906.5577303954967,
        920.1048440395776,
        933.996824790496,
        947.9340334774378,
        962.3687957189283,
        977.4187529082549,
        992.5367040895362,
        1008.0598072736994,
        1023.7819078391918,
        1039.7448527777933
      ],
      "Dl_mscf_lowl": [
        775.1574234730872,
        703.5853400639745,
        644.3535090334102,
        600.3273963895595,
        570.1480035977013,
        551.0502663574124,
        538.513829034416,
        531.293773211757,
        529.0859137152495,
        531.7127775666727,
        537.6892125987968,
        544.8722695359596,
        553.2517435838374,
        564.8843640734916,
        579.1674817455289,
        594.5159329372551,
        609.5502531111041,
        626.7618692118866,
        646.0700873165358,
        666.9252926124467,
        687.8844336167929,
        708.9680712609317,
        731.2769105118317,
        755.3441511305815,
        780.6571747734932,
        806.2966410770988,
        830.993113107031,
        855.789100594013
      ]
    }
  ],
  "best_kappa": 0.000316,
  "best_delta_logL": -3.2624726155951294,
  "best_equiv_delta_chi2": -6.524945231190259,
  "verdict": "LCDM preferred (Delta chi^2 = -6.52)",
  "gaussian_comparison": {
    "script64_dchi2_kappa562e4": 9.61,
    "commander_dchi2_kappa562e4": -10.381725083816093
  }
}